item,mentions
Alexandra Daddario,88
Emilia Clarke,42
Margot Robbie,40
Scarlett Johansson,28
Brie Larson,27
Elizabeth Olsen,25
Ana De Armas,25
Ana de Armas,25
Selena Gomez,23
Emma Watson,19
Natalie Portman,18
Anne Hathaway,17
Victoria Justice,15
Anna Kendrick,14
Gal Gadot,13
Vanessa Hudgens,13
Natalie Dormer,13
Jennifer Lawrence,12
Ariana Grande,12
Kate Mara,12
Megan Fox,11
Emily Ratajkowski,11
Marisa Tomei,11
Billie Eilish,11
Bella Thorne,10
Bella Thorne,10
Salma Hayek,8
Kate Upton,8
Sophie Turner,8
Debby Ryan,8
Mila Kunis,7
Alison Brie,7
Olivia Munn,6
Taylor Swift,6
Karen Gillan,6
Hayley Atwell,6
Dove Cameron,6
Emma Roberts,6
Jennifer Connelly,6
Aubrey Plaza,6
Hilary Duff,5
Kat Dennings,5
Eva Green,5
Hailee Steinfeld,5
Kristen Bell,4
Amanda Seyfried,4
Daisy Ridley,4
Camila Cabello,4
Demi Lovato,4
Lily James,4
Jessica Alba,3
Kaley Cuoco,3
Alice Eve,3
Shannon Elizabeth,3
Emmy Rossum,3
Bryce Dallas Howard,3
Mary Elizabeth Winstead,3
Kate Winslet,3
Barbara Palvin,3
Keira Knightley,2
Kate Beckinsale,2
Emma Stone,2
Cobie Smulders,2
Zoe Saldana,2
Rihanna,2
Gemma Arterton,2
Dakota Johnson,2
Felicity Jones,2
Gwyneth Paltrow,2
Jennifer Aniston,1
Blake Lively,1
Shakira,1
Olivia Wilde,1
Rachel McAdams,1
Nina Dobrev,1
Isla Fisher,1
Cara Delevingne,1
Morena Baccarin,1
Amber Heard,1
Katy Perry,1
Halle Berry,1
Chloë Grace Moretz,1
Rachel Weisz,1
Amy Adams,1
Reese Witherspoon,1
Alexis Ren,1
Kelly Brook,1
Sabrina Carpenter,1
Angelina Jolie,1
Elisha Cuthbert,1
Zooey Deschanel,1
Zendaya,1
Brittany Snow,1
Jessica Chastain,1
Melissa Benoist,1
Adriana Lima,0
Alessandra Ambrosio,0
Eve Mendes,0
Marilyn Monroe,0
Jennifer Lopez,0
Charlize Theron,0
Cindy Crawford,0
Jennifer Love Hewitt,0
Emily Blunt,0
Denise Richards,0
Catherine Zeta-Jones,0
Sofía Vergara,0
Maria Sharapova,0
Elizabeth Hurley,0
Jennifer Garner,0
Sandra Bullock,0
Ashley Greene,0
Charlotte McKinney,0
Candice Swanepoel,0
Penélope Cruz,0
Hayden Panettiere,0
Julianne Hough,0
Monica Bellucci,0
Emmanuelle Chriqui,0
Minka Kelly,0
Carrie Underwood,0
Odette Annable,0
Elizabeth Banks,0
Shailene Woodley,0
Michelle Pfeiffer,0
Stacy Keibler,0
"Catherine, Duchess of Cambridge",0
Eva Longoria,0
Bar Refaeli,0
Heidi Klum,0
Marisa Miller,0
Christina Applegate,0
Nicole Scherzinger,0
Arianny Celeste,0
Jessica Simpson,0
Jaime Presley,0
Lauren Cohan,0
Sarah Hyland,0
Evangeline Lilly,0
Haley Bennett,0
Yvonne Strahovski,0
Eliza Dushku,0
Katrina Law,0
Candice Patton,0
Tiffani Thiessen,0
Carmen Electra,0
Miranda Kerr,0
Liv Tyler,0
Jaclyn Smith,0
Kelly Hu,0
Meghan Ory,0
Kristen Stewart,0
Kathy Ireland,0
Britney Spears,0
Demi Moore,0
Brooklyn Decker,0
Rachel Bilson,0
Famke Janssen,0
Cheryl Ladd,0
Madison Riley,0
Petra Silander,0
Ashley Benson,0
Courteney Cox,0
Jana Kramer,0
Jenna Dewan,0
Faith Hill,0
Mandy Moore,0
Thandie Newton,0
Shania Twain,0
Irina Shayk,0
Jenny McCarthy,0
Gigi Hadid,0
Kelly Rohrbach,0
Kristin Kreuk,0
Alysa Milano,0
Lucy Liu,0
Stella Maxwell,0
Christina Hendricks,0
Lily Collins,0
Ali Larter,0
Jessica Lucas,0
Jamie Alexander,0
Christie Brinkley,0
Winona Ryder,0
Michelle Rodriguez,0
Sharon Stone,0
Kim Basinger,0
Diane Lane,0
Karlie Kloss,0
Alicia Silverstone,0
Michelle Keegan,0
Rosario Dawson,0
Mia Sara,0
Anna Kournikova,0
Shay Mitchell,0
Nicole Kidman,0
Martha Hunt,0
Jenna Coleman,0
Samantha Hoopes,0
Phoebe Cates,0
Josephine Skriver,0
Adrianne Palicki,0
Stana Katic,0
Christina Aguilera,0
Emily Bett Rickards,0
Cameron Diaz,0
Lacey Chabert,0
Sienna Miller,0
Rosamund Pike,0
Lena Headey,0
Olivia Holt,0
Willa Holland,0
Arianna Grande,0
Nina Agdal,0
Olga Kurylenko,0
Piper Perabo,0
Katie Holmes,0
Rashida Jones,0
Hannah Jeter,0
Alexis Knapp,0
Lucy Hale,0
Diana Kruger,0
Jenna Fischer,0
Amanda Peet,0
Uma Thurman,0
Lana Del Rey,0
Milla Jovovich,0
Marion Cotillard,0
Dakota Fanning,0
